상품명,판매가격,판매업소,제조사
머거본 꿀땅콩(135g),2880,이마트이문점,머거본
허니버터 아몬드(250g),7490,롯데슈퍼G복대점,길림양행
샘표소면(1.1kg),4950,한민시장,샘표
옛날국수소면,2990,롯데슈퍼연수점,오뚜기
제일제면소 소면(900g),1980,이마트성서점,CJ제일제당
CJ 비비고 왕교자(910g),7980,롯데마트양주점,CJ제일제당
동원 개성 감자만두(550g*2봉),8480,롯데마트주엽점,동원
생야채돼지고기물만두(400g*2봉),7480,롯데마트평택점,CJ제일제당
풀무원 생물만두(300g*2봉),7980,롯데마트동두천점,풀무원
CJ 100% 국산 햇당면(400g),4400,롯데마트덕진점,CJ제일제당
옛날당면,5990,롯데슈퍼G방배점,오뚜기
고소한국산콩두부(부침용)(대상),3950,이마트청계천점,대상FNF
풀무원 국산콩두부(찌개용)(380g),3900,이마트안동점,풀무원
행복한콩 노릇하게잘구워지는 부침두부,1490,롯데슈퍼수성점,CJ제일제당
행복한콩 양념이잘배는 찌개두부,1100,이마트동해점,CJ제일제당
CJ 참쌀떡국떡(1kg),3480,롯데마트삼산점,CJ제일제당
생가득 우리쌀 떡국떡(700g),6400,이마트풍산점,풀무원
오뚜기 우리쌀 떡국떡(600g),3980,이마트풍산점,오뚜기
삼양라면 5개입,3600,천안남산중앙시장,삼양식품
신라면 5개입,3380,롯데슈퍼연수점,농심
진라면(순한맛) 5개입,2750,이마트창원점,오뚜기
오뚜기 찹쌀 왕만두피(300g),1990,롯데슈퍼G만수점,오뚜기
해태 찹쌀 왕만두피(360g),2500,천안남산중앙시장,해태제과
곰표 다목적밀가루(1kg),1130,롯데마트천안점,대한제분
백설 중력밀가루(1kg),1180,롯데마트수완점,CJ제일제당
큐원 영양강화밀가루(1kg),1090,롯데마트청라점,삼양사
백설부침가루(1kg),1950,농협유통양재점,CJ제일제당
오뚜기부침가루(1kg),2450,이마트하남점,오뚜기
1964 정통 크림빵,2180,롯데마트천안점,삼립식품
롯데 미니소보로(375g),2450,롯데마트주엽점,롯데제과
샤니 속이알찬 단팥빵(255g),2180,롯데마트석사점,샤니
샤니 요요꿀호떡(400g),2480,롯데마트진해점,샤니
보노 포르치니버섯스프(51.6g),2850,이마트포항이동점,농심
오뚜기 크림스프,1480,이마트미아점,오뚜기
옥수수 보노콘스프,2850,롯데마트주엽점,농심
청정원 우리쌀 크림스프,1590,롯데슈퍼이천점,대상
롯데 아이러브 토스트(750g),2500,롯데슈퍼G만수점,롯데제과
삼립 아침엔밀크토스트(330g),1090,롯데마트울산점,삼립식품
스페셜K 오리지널(480g),7380,롯데마트익산점,농심
켈로그 콘푸로스트(600g),6390,롯데슈퍼범서점,농심
포스트 콘푸라이트(600g),4180,이마트킨텍스점,동서식품
맛있는 미역국,1950,롯데슈퍼G마포점,오뚜기
오뚜기 맛있는 북어국(34g),1950,이마트하남점,오뚜기
3분 쇠고기 짜장,870,이마트자양점,오뚜기
3분 쇠고기 카레,870,이마트평택점,오뚜기
오뚜기 3분 백세카레 약간 매운맛,2600,순천역전시장,오뚜기
청정원 옛날식 짜장(180g),1480,이마트킨텍스점,대상
청정원 카레여왕 비프카레(160g),2490,롯데슈퍼G속초조양점,대상
CJ 햇반(210g*3개입),4680,이마트진주점,CJ제일제당
맛있는 오뚜기밥(210g*3개입),4590,롯데슈퍼G속초점,오뚜기
맛있는오뚜기밥(6개입) ,5100,이마트성서점,오뚜기
오뚜기 맛있는밥,1890,롯데슈퍼동소문점,오뚜기
햇반(엄마가해주신밥 6+2개입),8980,롯데마트수완점,CJ제일제당
햇반(엄마가해주신밥 단품),1580,이마트천호점,CJ제일제당
CJ 가쓰오 우동(4인분)(933.2g),7290,롯데슈퍼고양원흥점,CJ제일제당
사누끼 가쓰오 생우동,5800,롯데슈퍼G중동점,오뚜기
풀무원 생가득 가쓰오 우동(4인분),7980,이마트통영점,풀무원
동원 양반 쇠고기죽(288g),2180,롯데마트전주점,동원F&B
동원 양반 전복죽(288g),2790,롯데슈퍼개화산점,동원F&B
오뚜기 새송이 쇠고기죽(285g),1980,이마트하월곡점,오뚜기
오뚜기 전복죽(285g),2690,롯데슈퍼G마포점,오뚜기
대림 주부초밥짱(320g),4280,이마트풍산점,사조대림
새콤달콤 간편한 유부초밥 박사(160g*2),3280,농협유통부산점,한성기업
풀무원 새콤달콤 유부(330g),5490,롯데슈퍼G철원점,풀무원
프레시안 주부초밥왕(320g),2980,롯데마트안산점,CJ씨푸드
농심 신라면 큰사발면(114g),1150,신세계백화점본점,농심
오뚜기 참깨라면(컵라면)(110g),1080,롯데슈퍼G강서점,오뚜기
팔도 왕뚜껑(110g),940,롯데마트신갈점,팔도
CJ 햇반 컵반 고추장 제육덮밥(250g),2580,롯데슈퍼G은마점,CJ제일제당
CJ 햇반 컵반 미역국밥(167g),2480,이마트파주운정점,CJ제일제당
오뚜기 맛있는 쇠고기미역국밥(162g),2480,롯데슈퍼G부곡점,오뚜기
오뚜기 제육덮밥(280g),2580,롯데슈퍼송내점,오뚜기
CJ 비비고 사골곰탕(500g),1590,롯데슈퍼G속초점,CJ제일제당
CJ 비비고 육개장(500g),3480,이마트이문점,CJ제일제당
오뚜기 옛날 사골곰탕 국물(350g),980,이마트청계천점,오뚜기
오뚜기 옛날 육개장(300g),1650,롯데슈퍼G오남2점,오뚜기
오리온 포카칩 오리지날(66g),980,이마트인천공항점,오리온
칩포테이토 오리지날,1300,롯데슈퍼G복대점,농심
롯데 자일리톨 오리지날(87g),2980,GS수퍼마켓북가좌점,롯데제과
해태아이스쿨,4150,농협유통부산점,해태제과
롯데푸드 찰떡국화빵(150ml*5개입),5000,농협충북유통,롯데푸드
"롯데푸드 찰떡국화빵(150ml,단품)",1000,롯데마트전주점,롯데푸드
"빙그레 참붕어 싸만코(150ml,단품)",700,롯데슈퍼경주용황점,빙그레
참붕어 싸만코(묶음),5000,롯데마트통영점,빙그레
돼지바(묶음),3000,롯데마트포항점,롯데푸드
"롯데푸드 돼지바(70ml,단품)",700,롯데슈퍼G대림점,롯데푸드
메로나(단품),400,천안남산중앙시장,빙그레
메로나(묶음),3000,이마트제천점,빙그레
해태 바밤바(63ml*6개입),2500,농협유통양재점,해태제과
"해태 바밤바(63ml,단품)",700,롯데슈퍼김포전원점,해태제과
농심 새우깡(90g),1020,농협유통부산점,농심
"롯데 월드콘 바닐라(160ml,단품)",700,롯데슈퍼G홍제점,롯데제과
"해태 부라보콘 화이트바닐라(140ml,단품)",1000,롯데마트은평점,해태제과
닥터유 에너지바(40g*4개입),4390,롯데슈퍼G춘천점,오리온
"닥터유 에너지바(40g,단품)",980,이마트충주점,오리온
켈로그 레드베리 에너지바(25g*4개입),1980,이마트계양점,농심
오리온 핫브레이크 미니(714g),10800,이마트사천점,오리온
해태 자유시간(36g*5개입),3090,롯데슈퍼동소문점,해태제과
"해태 자유시간(36g,단품)",650,롯데슈퍼평택점,해태제과
몽쉘 크림,4780,이마트영천점,롯데제과
오리온 초코파이(39g*18개입),6090,롯데슈퍼G고양삼송점,오리온
해태 오예스(28g*12개입),4780,롯데마트천안점,해태제과
롯데 ABC 초코(65g),1580,롯데마트전주점,롯데제과
롯데 가나 마일드(34g*3개입),1900,롯데마트첨단점,롯데제과
"롯데 가나 마일드(34g,단품)",800,롯데슈퍼G보라점,롯데제과
롯데 목캔디 허브(148g),2380,롯데마트월드타워점,롯데제과
오리온 통아몬드(90g),1290,롯데슈퍼동소문점,오리온
아이비,2200,롯데슈퍼고양원흥점,해태제과
참크래커,3360,이마트영천점,크라운제과
I cant believe(60%) 저지방마가린(212.5g*2개),5300,롯데마트성정점,데어리푸드코리아
오뚜기 식물성 마아가린(200g),1980,천안남산중앙시장,오뚜기
옥수수 마가린(200g),1890,이마트양산점,오뚜기
떠먹는불가리스 딸기 오리지날(4개묶음),2560,롯데마트송파점,남양유업
매일바이오거트(4개 묶음360g),2780,롯데마트송천점,매일유업
오리지널 요플레(4개묶음),2600,한민시장,빙그레
이오 20s (3개묶음),2970,롯데슈퍼G만수점,남양유업
자연의 시작 불가리스 사과 (4개묶음),4980,이마트수서점,남양유업
남양 드빈치 버터(450g),7650,롯데슈퍼G속초점,남양유업
모닝버터(해바라기유)(200g),3800,GS수퍼마켓강릉입암점,데어리푸드코리아
무가염버터(450g),10300,이마트킨텍스점,서울우유
앱솔루트 명작 1단계(800g),25900,농협유통양재점,매일유업
임페리얼분유XO 1단계(800g),22400,이마트풍산점,남양유업
프리미엄 산양분유 1단계(800g),54900,신세계백화점본점,일동후디스
CJ 더 건강한햄 그릴후랑크(350g),6280,롯데백화점대전점,CJ제일제당
롯데비앤나(400g),7980,이마트청계천점,롯데햄
목우촌 주부9단 프랑크 소시지(500g),6990,롯데슈퍼G마포점,농협목우촌
의성 마늘 프랑크(350g),4980,이마트연제점,롯데햄
남양유업 맛있는우유GT(1000ml),2680,롯데슈퍼G부곡점,남양유업
매일우유 오리지널(ESL)(1000ml),2700,롯데슈퍼합천점,매일유업
서울우유 흰우유(1000ml),2570,이마트미아점,서울우유
파스퇴르우유 후레쉬(930ml),3400,롯데슈퍼G대림점,롯데삼강
매일유업 뼈로가는 칼슘치즈(180g),4850,GS수퍼마켓북가좌점,매일유업
매일유업 뼈로가는 칼슘치즈(270g),7400,롯데슈퍼G대림점,매일유업
서울우유 체다슬라이스치즈(200g),3500,농협유통창동점,서울우유
서울우유 체다슬라이스치즈(400g),6600,이마트김포한강점,서울우유
치즈명장 드빈치 체다슬라이스 치즈(200g),3700,롯데슈퍼서초점,남양유업
치즈명장 드빈치 체다슬라이스 치즈(300g),4180,롯데슈퍼G썬프라자점,남양유업
롯데슬라이스햄,1980,롯데마트부산점,롯데햄
식빵위의 네모,2490,롯데슈퍼G복대점,농협목우촌
참작 참잘만든 슬라이스햄,3000,롯데마트익산점,대상
프레시안 샌드위치햄,1980,롯데마트시흥점,CJ제일제당
두번 구워 김밥이 더욱 향긋한 김밥김,2450,롯데슈퍼첨단점,풀무원
양반 구운 김밥김,2990,롯데슈퍼G만수점,동원
햇바삭김 김밥김,2480,롯데마트화정점,CJ제일제당
대림게맛살큰잔치,3080,GS수퍼마켓인천부개점,사조대림
대림오양맛살,1780,이마트익산점,사조오양
싱싱맛살,1980,GS수퍼마켓개금점,동원F&B
동원 꽁치,3280,롯데마트화정점,동원F&B
사조 꽁치,2850,롯데슈퍼동소문점,사조대림
샘표 김치찌개용 꽁치,3250,이마트반야월점,샘표
오뚜기 꽁치,2900,이마트인천공항점,오뚜기
대림선어묵 부산어묵,890,롯데슈퍼G마포점,사조대림
프레시안삼호부산어묵,2180,롯데마트전주점,CJ제일제당
금영식품 백진미오징어(300g),13980,롯데마트천안아산점,금영식품
바다원 조미찢은오징어(300g),14900,롯데슈퍼연수점,바다원
동원참치 라이트스탠다드(단품),2480,롯데마트김해점,동원
동원참치 라이트스탠다드(묶음),7990,롯데슈퍼G목동점,동원
마일드참치(단품),860,롯데슈퍼G보라점,오뚜기
마일드참치(묶음),7800,이마트은평점,오뚜기
사조참치마일드(묶음),5070,농협유통양재점,사조산업
진간장 금F3,5480,이마트반야월점,샘표
햇살담은 자연숙성진간장,5200,롯데슈퍼가락점,대상
순창 오리지널 우리쌀 찰고추장 ,13300,이마트춘천점,대상
해찬들 우리쌀태양초골드,14700,이마트포천점,CJ제일제당
해표 순창궁 태양초 100% 우리햅쌀 고추장(1800g),7980,롯데마트마장휴게소점,사조산업
동원복숭아(황도) 슬라이스,1780,이마트포천점,동원F&B
샘표황도,2200,천안남산중앙시장,샘표
오뚜기황도,1990,롯데슈퍼G복대2점,오뚜기
백설 남해굴소스(210g),2980,이마트왕십리점,CJ제일제당
이금기 팬더 굴소스(255g),2290,롯데슈퍼G고양삼송점,오뚜기
청정원 프리미엄 굴소스(260g),4100,이마트일산점,대상
샘표 시골집 토장(900g),5980,이마트인천공항점,샘표
순창재래식안심생된장 ,6300,이마트화성봉담점,대상
해찬들 재래식 된장 ,6540,롯데슈퍼동소문점,CJ제일제당
딸기잼 ,4500,롯데마트전주점,오뚜기
복음자리 딸기잼,4790,롯데슈퍼개화산점,복음자리
고소한골드마요네즈(오뚜기),3780,이마트평택점,오뚜기
고소한마요네즈(대상),3630,이마트계양점,대상
청정원 제주모슬포 멸치액젓(618ml),4980,롯데마트주엽점,대상
하선정 멸치액젓(658ml),4580,이마트보라점,CJ제일제당
동서 아카시아꿀,27800,이마트천안점,동서식품
동서벌꿀,20880,롯데슈퍼동소문점,동서식품
백설 자일로스 설탕,3450,롯데슈퍼수성점,CJ제일제당
백설 하얀설탕,1680,이마트인천공항점,CJ제일제당
푸드림 하얀설탕,1450,이마트청계천점,대한제당
백설꽃소금,1600,한민시장,CJ제일제당
청정원 신안섬보배 천일염 가는소금(500g),1970,롯데마트청주점,대상
해표 꽃소금,800,롯데마트성정점,해표
맑고신선한옥수수유,3980,이마트펜타포트점,해표
맑고신선한해표식용유,4590,롯데슈퍼고양동산점,해표
백설국내콩기름,3580,이마트청계천점,CJ제일제당
오뚜기식용유(콩100%),4500,롯데슈퍼연수점,오뚜기
대상 사과식초,2000,롯데마트첨단점,대상
백설 국내산 사과식초(500ml),1480,롯데마트월드타워점,CJ제일제당
오뚜기 사과식초,2080,이마트월배점,오뚜기
청정원 순창 쌈장,3900,이마트청계천점,대상
해찬들 사계절 쌈장,3900,이마트포항이동점,CJ제일제당
해표 순창 궁 발아콩 12가지 양념쌈장,4290,롯데슈퍼G대림점,사조산업
고소한참기름(오뚜기),7250,롯데슈퍼G대림점,오뚜기
진한참기름(CJ),5900,천안남산중앙시장,CJ제일제당
참진한 참기름(해표),6980,농협유통부산점,해표
오뚜기카레 순한맛,1990,롯데슈퍼G은평점,오뚜기
청정원 카레여왕 구운마늘&양파(108g),3900,천안남산중앙시장,대상
청정원 진한 토마토 케찹,2400,세종전통시장,대상
토마토케찹(오뚜기),2180,이마트평촌점,오뚜기
맛선생 해물,6640,롯데마트전주점,대상
웰빙 다시다 산들애 국내산해물,8300,울산농산물종합유통센터,CJ제일제당
델몬트 스카시플러스 100,3480,농협유통부산점,롯데칠성음료
미닛메이드 오리지날 오렌지 100,3980,롯데슈퍼동소문점,코카콜라음료
남양 17차 티백(80입),7480,이마트청주점,남양유업
동서현미녹차 100포,6300,천안남산중앙시장,동서식품
달콤한 베지밀 비,14800,한민시장,정식품
달콤한 삼육두유 B,10800,이마트왕십리점,삼육식품
뼈로가는 칼슘두유 담백한맛,11500,롯데슈퍼연수점,매일유업
국순당 대박 왕 막걸리,1180,이마트천호점,서울탁주
국순당 우국생,1480,이마트여수점,서울탁주
서울장수생막걸리,1280,이마트미아점,서울탁주
HITE(6캔),9240,롯데슈퍼G전곡점,진로
HITE(단품),1370,롯데마트전주점,진로
오비골든라거 6캔,10140,롯데슈퍼범서점,오비맥주
오비골든라거(단품),1370,롯데마트석사점,오비맥주
카스 프레쉬 6캔,8220,이마트진접점,오비맥주
카스 프레쉬(단품 500ml),2060,롯데슈퍼G홍제점,오비맥주
비타500(묶음),5480,이마트명일점,광동제약
비타파워,5700,롯데슈퍼G방배점,롯데칠성음료
컨피던스,1200,GS25(본사),동아오츠카
스프라이트,2380,이마트흥덕점,코카콜라음료
칠성사이다(1.8L),2790,농협유통양재점,롯데칠성음료
삼다수(2L),990,롯데슈퍼고양장항점,광동제약
삼다수(500ml),430,이마트미아점,광동제약
아이시스(2L),660,이마트월배점,롯데칠성음료
아이시스(500ml),320,이마트동인천점,롯데칠성음료
삼다수(2L 묶음),6240,롯데슈퍼G만수점,광동제약
삼다수(500ml 묶음),12000,큰동해시장,광동제약
참이슬 클래식,1090,롯데마트월드타워점,진로
참이슬 후레쉬,1260,롯데슈퍼G고양삼송점,진로
처음처럼,1090,롯데마트진해점,롯데주류
비락식혜(1.8L),3600,롯데슈퍼G전곡점,한국야쿠르트
레드불 에너지 드링크(250ml),2090,이마트천호점,동서식품
롯데 핫식스(250ml),900,여수서시장,롯데칠성음료
몬스터 에너지(355ml),1880,이마트파주운정점,코카콜라음료
게토레이 레몬,1200,롯데슈퍼G만수점,롯데칠성음료
파워에이드 마운틴블라스트(520ml),1600,농협유통부산점,코카콜라음료
포카리스웨트(620ml),1730,롯데마트서현점,동아오츠카
옥수수수염차,1080,롯데슈퍼고양원흥점,광동제약
레쓰비 마일드(175ml),450,롯데슈퍼G목동점,롯데칠성음료
맥스웰 하우스 오리지날(200ml),450,롯데슈퍼G홍제점,동서식품
맥심 티오피 마스터블렌드(275ml),980,롯데마트전주점,동서식품
칸타타 원두커피 프리미엄 블렌드(275ml),1250,농협유통양재점,롯데칠성음료
네스카페 신선한 모카(180입),29450,롯데슈퍼연수점,한국네슬레
맥스웰 하우스 오리지날,14750,이마트익산점,동서식품
맥심모카골드,25400,롯데슈퍼고양식사점,동서식품
프렌치까페믹스,25760,농협유통부산점,남양유업
매일 카페라떼 마일드,1600,신세계백화점본점,매일유업
스타벅스 커피라떼,2000,롯데슈퍼G화곡점,동서식품
악마의유혹 프렌치 카페오레,1050,이마트여주점,남양유업
엔제리너스 카페모카,1600,농협유통부산점,롯데칠성음료
코카콜라(1.8L),3130,이마트진주점,코카콜라음료
펩시콜라(1.8L),2990,롯데슈퍼G오남2점,롯데칠성음료
씨그램 레몬(350ml),650,이마트영천점,코카콜라음료
초정탄산수 레몬(500ml),1430,롯데슈퍼범서점,일화초정공장
트레비 레몬(500ml),850,이마트포항이동점,롯데칠성음료
갈치 냉동 1마리(60cm내외 250~400g),5900,롯데슈퍼광명소하점,일반
갈치 생물 1마리(60cm내외 250~400g),11500,롯데슈퍼세종고운점,일반
고등어 생물 1마리(25~30cm 300~500g),3490,롯데슈퍼G속초조양점,일반
삼치 국내산 1마리(60~70cm 500~700g),18000,현대백화점미아점,일반
오징어 국내산 냉동 2마리(25cm 내외 500~700g),8980,롯데슈퍼하당점,일반
오징어 국내산 생물 2마리(25cm내외 400~600g),9980,롯데슈퍼광양중동점,일반
참조기 국내산 10마리(20~25cm 내외),19900,롯데슈퍼첨단점,일반
참조기 부세 1마리(20~25cm내외 200~400g),4900,롯데슈퍼개포4동점,일반
CJ 더안심 건강란(대란 15개),5990,롯데슈퍼고덕점,CJ제일제당
CJ 알짜란(대란 15개),5990,롯데슈퍼청전점,CJ제일제당
목초를 먹고 자란 건강한 닭이 낳은 달걀(대란 15개),4990,롯데슈퍼G목동점,풀무원
풀무원 동물복지 목초란(대란 10개),5490,롯데슈퍼G내손점,풀무원
참프레 동물복지 닭백숙(1.1kg),8500,롯데마트주엽점,참프레
하림 자연실록백숙 830g,6900,롯데마트청라점,하림
하림 토종닭백숙(1050g),9900,롯데슈퍼경남점,하림
돼지고기삼겹살,1400,춘천풍물시장,삼겹살
쇠고기등심(1+등급),11340,롯데슈퍼상록수점,등심
쇠고기등심(1등급),8500,롯데슈퍼경주용황점,등심
쇠고기불고기(1+등급),5600,롯데마트동래점,불고기
쇠고기불고기(1등급),4400,롯데마트구로점,불고기
감자(국내산 껍질 있는 감자),580,신세계백화점광주점,일반
고구마(국내산 껍질 있는 밤고구마),623,이마트미아점,일반
고구마(국내산 껍질 있는 호박고구마),599,홈플러스창원점,일반
국내산 깻잎(10g),100,여수서시장,일반
찬마루 김밥 단무지,2280,GS수퍼마켓울산구영점,풀무원
하선정 숯 김밥단무지,2390,농협유통부산점,CJ제일제당
당근(국내산 씻지 않은 흙당근),250,구포시장,일반
국내산 흑대파 1단(500~800g),1280,울산농산물종합유통센터,일반
마늘(국내산 깐마늘 중품),800,한민시장,일반
무(줄기 없는 무 1개 1500g),1000,중곡제일시장,일반
배추(1포기 1950~2000g),1330,이마트양산점,일반
국내산 느타리버섯,700,부전마켓타운,일반
국내산 양송이버섯,1500,부전마켓타운,일반
국내산 적상추(100g),500,중곡제일시장,일반
국내산 생강(100g),1200,양동시장,일반
시금치 국내산 100g,300,전주중앙시장,일반
시금치 국내산 1단(250~400g),1980,GS수퍼마켓대전도마점,일반
국내산 양배추(1포기),3000,광장시장,일반
양파(껍질 있는 망포장 1망당 1500g),5980,롯데백화점울산점,일반
오이국내산 백다다기 1개(약 25cm 150~250g),1000,매일올레시장,일반
오이국내산 백다다기 3개(약 25cm 450~750g),3000,매일올레시장,일반
국내산 쪽파(100g),250,한민시장,일반
CJ 행복한콩 국산콩 콩나물,1420,롯데슈퍼잠원점,CJ제일제당
국산아작아작콩나물,990,농협유통부산점,종가집
CJ하선정 포기김치(2.5Kg),16710,농협유통부산점,CJ제일제당
동원양반포기김치(2.2kg),11200,농협유통창동점,동원
종가집 풍부한 포기김치(1.9kg),16900,농협유통부산점,대상FNF
풋고추(국내산),1326,롯데슈퍼동소문점,일반
국내산 애호박 1개(250~350g),1480,GS수퍼마켓구월점,일반
듀라셀 울트라 파워체크 AA*2입(피엔지),3200,울산농산물종합유통센터,한국P&G
듀라셀 울트라 파워체크 AAA*2입,3410,농협중앙회수원유통센터,한국P&G
벡셀AA*2입,2990,롯데슈퍼G철원점,벡셀
에너자이저AA*2입,2600,한민시장,에너자이저코리아
마미손 뷰티(중),2280,농협유통부산점,마미손
올에이 중형 고무장갑,2780,GS수퍼마켓북가좌점,태화지앤지
크린랩_고무장갑(중) (묶음),3000,롯데마트구미점,크린랩
크린랩(22cm x 50m),3980,GS수퍼마켓울산구영점,크린랩
크린랩(30cm x 50m),5990,롯데슈퍼갈월점,크린랩
후레쉬랩(25cm x 50m)(3M),3500,농협유통부산점,한국3M
맥스 CRV 폭발방지 부탄가스,4790,롯데마트동래점,맥선
썬 부탄가스,4780,이마트진접점,태양산업
알프스가스,2380,GS수퍼마켓과천3점,태양산업
유한락스 레귤러(1.5L),3190,롯데마트월드컵점,유한양행
유한락스 후레쉬(2L),4500,중곡제일시장,유한양행
홈스타 향락스(1L),2000,이마트계양점,LG생활건강
에프킬라 에어로졸 무향(500ml),5500,이마트계양점,에스씨존슨코리아(유)
컴배트 스피드 에어졸(500ml),3900,이마트천호점,헨켈홈케어코리아
홈키파 수성 에어졸(500ml),4900,롯데마트주엽점,헨켈홈케어코리아
다우니 고농축 블루튤립과 달콤한 라일락,7900,롯데슈퍼평택점,한국P&G
샤프란 코튼 앤 크림,12600,롯데슈퍼G복대점,LG생활건강
피죤 용기 옐로미모사(3.1L일반/드럼겸용),9300,롯데슈퍼새서울점,피죤
샤프란 케어(은은한향),8990,롯데슈퍼해운대점,LG생활건강
페브리즈 깨끗한 무향(370),4950,농협유통부산점,한국P&G
페브리즈 깨끗한 무향(900),4700,농협대전유통센터,한국P&G
"메소드 다목적 세정제(라벤더,828ml)",7900,롯데슈퍼하당점,LG생활건강
무균무때(욕실용),6000,롯데슈퍼G복대점,피죤
홈스타 곰팡이 싹,5900,롯데슈퍼풍암점,LG생활건강
"때가 쏙 비트(가루,리필형,4kg)",5000,롯데마트송도점,CJ라이온
"스파크(가루,리필형,5kg)",9900,롯데슈퍼수유점,애경
"테크 UP(가루,리필형,4kg)",12000,농협유통부산점,LG생활건강
"때가 쏙 비트(액체,드럼용,3L)",16900,롯데슈퍼동소문점,CJ라이온
"테크 UP(액체,일반용,3L)",19800,롯데슈퍼범서점,LG생활건강
"퍼실 파워젤(액체,드럼용,2.7L)",21800,이마트화성봉담점,헨켈홈케어코리아
"퍼실 파워젤(액체,일반용,2.7L)",21800,롯데슈퍼거제상동점,헨켈홈케어코리아
피죤 습기제로(8개입),9900,롯데슈퍼동탄청계점,피죤
홈스타 제습과 방충을 한번에,4350,농협중앙회수원유통센터,LG생활건강
3M후레쉬백,2200,롯데슈퍼G보라점,한국3M
뽑아쓰는 크린백,3000,롯데마트김천점,크린랩
지퍼락 지퍼백(중),2290,롯데슈퍼고양원흥점,에스씨존슨코리아(유)
크린백,2910,GS수퍼마켓북가좌점,크린랩
크린지퍼백,1850,롯데슈퍼G보라점,크린랩
CJ 참그린 ,6990,롯데슈퍼G은평점,CJ라이온
세이프 유기농 발아현미 리필,3250,롯데마트의정부점,LG생활건강
자연퐁 솔잎향 세균설거지(용기),7590,롯데슈퍼G정림점,LG생활건강
항균트리오,3470,농협유통부산점,애경
깨끗한나라 키친타올,6500,울산농산물종합유통센터,깨끗한나라
디럭스키친타올,8200,농협유통부산점,유한킴벌리
B&B 안심표백제(500g),6900,롯데마트부평역점,보령메디앙스
비트 O2 살균표백제,7900,농협유통부산점,CJ라이온
산소계표백제 유한젠(1kg),9900,농협유통부산점,유한양행
테크 산소크린(1.4kg*2개입),15900,롯데마트부평역점,LG생활건강
대한웰빙호일 15m*25m,4580,이마트계양점,대한
롯데호일(25cm x 30m),4950,롯데슈퍼청전점,롯데알미늄
롯데호일(30cm x 30m) ,5700,롯데슈퍼광명점,롯데알미늄
쿠킹호일(20cm x 30m)(삼아),3500,광장시장,삼아알미늄
쿠킹호일(25cm x 30m)(대한) ,6900,농협대전유통센터,대한
쿠킹호일(25cm x 30m)(삼아),3980,농협김해유통센터,삼아알미늄
비너스 올풀림방지 팬티 스타킹,6900,롯데마트거제점,신영와코루
비비안 고탄력 팬티스타킹,6900,롯데마트은평점,남영비비안
가그린 레귤러,3400,롯데슈퍼울산언양점,동아제약
리스테린 쿨민트,3700,롯데슈퍼G철원점,한국존슨앤존슨
까스명수(단품),990,롯데슈퍼첨단점,삼성제약
생록천(단품),7000,롯데백화점노원점,광동제약
위청수(단품),3900,농협대전유통센터,조선무약
박카스F(120ml*10병),8000,롯데슈퍼경남점,동아제약
"박카스F(120ml,단품)",800,한민시장,동아제약
영진 구론산 바몬드 오리지날(150ml*10병),6000,롯데슈퍼G방배점,해태음료
"영진 구론산 바몬드 오리지날(150ml,단품)",1000,천안남산중앙시장,해태음료
잘풀리는집 보습미용티슈,9500,롯데마트장유점,미래생활
크리넥스 디럭스(갤러리) 250매X3개입,7500,롯데슈퍼G복대2점,유한킴벌리
깨끗한나라 순수 3겹데코,8400,농협유통부산점,깨끗한나라
크리넥스데코앤소프트(산뜻한부케향),7800,농협대전유통센터,유한킴벌리
뉴트로지나 립 모이스춰라이저(4g),3080,롯데마트송도점,한국존슨앤존슨
니베아 에센셜 케어(4.8g),3990,롯데슈퍼G소사점,바이어스도르프코리아
챕스틱 딸기(4.2g),3500,롯데슈퍼문흥점,한국화이자제약
"그린핑거 알로에베라 물티슈(캡형,64매*6개입)",5000,롯데마트평택점,유한킴벌리
깨끗한나라 물티슈,9900,롯데백화점대전점,깨끗한나라
닥터 아토마일드(묶음),10900,농협유통부산점,보령메디앙스
"크리넥스 수앤수(캡형,70매*6개입)",11900,롯데마트오산점,유한킴벌리
뉴트로지나릴렉싱바디워시,17800,이마트파주운정점,한국존슨앤존슨
도브 뷰티 너리싱 바디워시,12400,농협유통고양점,유니레버코리아
도브 센스티브스킨 바디워시 ,12400,롯데백화점노원점,유니레버코리아
세이 온더바디 고보습 아이리스,13600,롯데슈퍼G철원점,LG생활건강
해피바스 로즈에센스 로맨틱 바디워시,9900,이마트흥덕점,아모레퍼시픽
Dr. ato(민감성건성피부보습),18500,롯데마트수지점,보령메디앙스
JB 뉴 베드타임 로션,15900,이마트자양점,한국존슨앤존슨
그린핑거 촉촉한자연보습 베이비로션,25200,농협광주유통센터,유한킴벌리
아비노베이비데일리모이스춰로션,22000,이마트봉선점,한국존슨앤존슨
퓨어가닉허브로션,20800,롯데백화점노원점,보령메디앙스
바디피트 볼록맞춤울트라중형,10500,롯데슈퍼가능역점,LG생활건강
위스퍼 리프레시 클린케어 중형날개,5000,롯데마트전주점,한국P&G
"좋은느낌 좋은순면(울트라 날개 중형,36개입)",11900,롯데마트익산점,유한킴벌리
"좋은느낌(울트라 날개 중형,36개입)",11300,롯데슈퍼G방배점,유한킴벌리
도브 뷰티바,6350,이마트이문점,유니레버코리아
드봉 스위트로즈,3980,GS수퍼마켓거제신현점,LG생활건강
알뜨랑비누 핑크,3600,중곡제일시장,LG생활건강
해피바스 허브 라벤더 아로마 바,3500,이마트여수점,아모레퍼시픽
아이!깨끗해 항균폼 상큼레몬향,5900,이마트여주점,CJ라이온
해피바스 항균 레몬그라스 핸드워시,4400,농협유통부산점,아모레퍼시픽
뉴트로지나 Ultra Sheer Dry-Touch Sun Block,13440,이마트봉선점,한국존슨앤존슨
니베아 Face Sun Block Moisturizing Cream,16500,롯데슈퍼연수점,니베아
니베아 Fresh Sun Lotion,14900,롯데슈퍼풍암점,니베아
아비노 컨티뉴어스 프로텍션 선블럭,27600,롯데백화점노원점,한국존슨앤존슨
페이스선블럭 화이트닝,9900,농협유통양재점,니베아
더블리치 간편염색 (4G 자연갈색),9900,롯데마트전주점,LG생활건강
리엔 흑모비책크림염색 자연갈색,12000,중곡제일시장,LG생활건강
미쟝센 샤이닝에센스크림컬러 6C(자연밤색),10500,천안남산중앙시장,아모레퍼시픽
미쟝센 쉽고빠른거품염색(3N 흑갈색),15000,이마트칠성점,아모레퍼시픽
비겐크림폼(짙은 갈색),14900,울산농산물종합유통센터,동아제약
도브 데미지 볼륨 부스트 린스,5950,롯데백화점본점,유니레버코리아
미장센 펄샤이닝모이스쳐 린스,13000,롯데슈퍼울산언양점,아모레퍼시픽
엘라스틴 맥시마이징 볼륨 컨디셔너,7900,농협유통고양점,LG생활건강
팬틴 바운시 볼륨케어 컨디셔닝 린스,6000,중곡제일시장,한국P&G
PACE 6 면도날,16900,이마트문현점,도루코
마하3 면도날,17900,롯데슈퍼수성점,질레트
하이드로5 면도날,17900,이마트충주점,쉬크
도브 데미지 볼륨 부스트 샴푸,6800,중곡제일시장,유니레버코리아
미장센 펄샤이닝모이스쳐 샴푸,13000,롯데슈퍼이천점,아모레퍼시픽
엘라스틴 맥시마이징 볼륨 샴푸,7900,농협충북유통,LG생활건강
팬틴 바운시 볼륨케어 샴푸,6000,중곡제일시장,한국P&G
NEW하기스 네이처메이드 남아용 대형(42매 4단계),25800,롯데마트신갈점,유한킴벌리
"마미포코 360핏 팬티(여아용,대형,72개입)",10000,롯데마트상당점,LG생활건강
"보솜이 디오가닉(남여아공용,특대형,36개입)",21900,롯데마트동두천점,깨끗한나라
하기스 프리미어 플러스 남아용 대형(60매 4단계),16800,롯데마트수완점,유한킴벌리
어드밴스 캐비티(블루) 120g*3입,5900,이마트서산점,애경
어드밴스 캐비티(블루)120g,2650,롯데슈퍼G마포점,애경
페리오 캐비티케어(묶음),4950,이마트포천점,LG생활건강
페리오 클링스 아이스민트 120GX3,7900,롯데슈퍼연수점,LG생활건강
메디안 닥터 칫솔(4개입),5000,롯데마트삼계점,아모레퍼시픽
오랄비 크로스액션(35모)(3개입),9900,롯데마트화정점,한국P&G
페리오 토탈 360(4개입),8900,롯데백화점대전점,LG생활건강
뉴트로지나 딥클린 포밍 클렌저(175g),13500,이마트세종점,한국존슨앤존슨
클린앤클리어 딥액션(120g),12500,한민시장,한국존슨앤존슨
해피바스 솝베리 클렌징 폼(175g),5800,여수서시장,아모레퍼시픽
Neut.핸드크림,8900,롯데슈퍼동소문점,한국존슨앤존슨
니베아 SOS 핸드 밤,3400,울산농산물종합유통센터,니베아
해피바스 내추럴24핸드크림,8200,롯데슈퍼세종고운점,아모레퍼시픽
